text,label,source,source_url,notes
"Language models (LLMs), such as those used in AI assistant, have a persistent structural vulnerability because LLMs do not distinguish between what are instructions and what is data.",concept_definition,r/cybersecurity - Are LLMs Fundamentally Vulnerable to Prompt Injection?,https://www.reddit.com/r/cybersecurity/comments/1plha98/are_llms_fundamentally_vulnerable_to_prompt/,Defines prompt injection as a structural issue where instructions and data are not clearly separated
"With LLMs, it gets complicated - data is instruction and instruction is data.",concept_definition,r/LocalLLaMA - Do you think prompt injection will ever get solved?,https://www.reddit.com/r/LocalLLaMA/comments/1i9214x/do_you_think_prompt_injection_will_ever_get/,Short concept explanation about why prompt injection is hard to solve
"The first layer is LLM firewalls. These sit between the application and the model, inspecting prompts before they are processed and responses before they are delivered.",tool_or_control,r/aisecurity - How to Prevent Prompt Injection in AI,https://www.reddit.com/r/aisecurity/comments/1s7kf5r/how_to_prevent_prompt_injection_in_ai_best/,Mentions LLM firewalls as a runtime security control
"OWASP ranks prompt injection #1 in their LLM Top 10, An indirect injection in a retrieved document can trigger tool calls, exfiltrate data, or escalate privileges.",attack_or_testing_tactic,r/cybersecurity - How is your org handling prompt injection now?,https://www.reddit.com/r/cybersecurity/comments/1sx66fe/how_is_your_org_handling_prompt_injection_now/,Describes indirect prompt injection leading to tool calls and data exfiltration
"Two years ago, I released ""promptmap"", the first tool that automatically tests prompt injection attacks in GPT applications.",tool_or_control,r/LocalLLaMA - I wrote an open source tool to test prompt injection attacks,https://www.reddit.com/r/LocalLLaMA/comments/1i7d3hi/i_wrote_an_open_source_tool_to_test_prompt/,Mentions promptmap as a tool for testing prompt injection attacks
"The standard advice for preventing prompt injection is ""sanitise your inputs,"" but that feels like a losing battle.",tool_or_control,r/cybersecurity - A more robust way to think about defending against Prompt Injection,https://www.reddit.com/r/cybersecurity/comments/1m0afun/a_more_robust_way_to_think_about_defending/,Discusses input sanitization as a defensive control and why it may be insufficient
A subtle vector for spamming/phishing where the user just sees images/audio but there's nastiness behind the scenes.,attack_or_testing_tactic,r/LocalLLaMA - Malicious prompt injection,https://www.reddit.com/r/LocalLLaMA/comments/15a02le/malicious_prompt_injection/,Describes a multimodal hidden-instruction attack vector
"LLMs are a security threat, plain and simple.",low_signal_or_general,r/netsec - Microsoft Copilot: From Prompt Injection to Exfiltration of Personal Information,https://www.reddit.com/r/netsec/comments/1f34sr9/microsoft_copilot_from_prompt_injection_to/,"Broad opinion statement without a concrete concept, tool, or tactic"
"Now that agents are getting access to real systems — customer databases, code execution, internal tools — the attack surface is fundamentally different from a chatbot that can only generate text.",concept_definition,r/cybersecurity - How is your org handling prompt injection now?,https://www.reddit.com/r/cybersecurity/comments/1sx66fe/how_is_your_org_handling_prompt_injection_now/,Explains why production LLM agents create a different security risk than simple chatbots.
Are you treating LLM inputs as untrusted the same way you'd treat user input in a web app?,tool_or_control,r/cybersecurity - How is your org handling prompt injection now?,https://www.reddit.com/r/cybersecurity/comments/1sx66fe/how_is_your_org_handling_prompt_injection_now/,Frames untrusted-input handling as a security control for LLM systems.
"An indirect injection in a retrieved document can trigger tool calls, exfiltrate data, or pivot to other agents in a multi-agent setup.",attack_or_testing_tactic,r/cybersecurity - How is your org handling prompt injection now?,https://www.reddit.com/r/cybersecurity/comments/1sx66fe/how_is_your_org_handling_prompt_injection_now/,"Describes indirect prompt injection causing tool calls, exfiltration, and agent pivoting."
"Hi, Prompt injection attacks are increasing daily. Are there any practical detection mechanisms available to identify them?",tool_or_control,r/cybersecurity - Prompt Injection Detection?,https://www.reddit.com/r/cybersecurity/comments/1semk5r/prompt_injection_detection/,Asks about practical detection mechanisms for prompt injection.
"I've seen a lot of research focused on using additional LLM models as preventative guardrails, but practically nothing on detective controls - especially log-based ones.",tool_or_control,r/cybersecurity - Prompt Injection Detection?,https://www.reddit.com/r/cybersecurity/comments/1semk5r/prompt_injection_detection/,Mentions preventative guardrails and log-based detective controls.
"What a foolish buzzword. These prompt injections are essentially free-form and based on mathematical probabilities, so there's no way to detect or filter them.",low_signal_or_general,r/cybersecurity - Prompt injection is becoming a major security threat,https://www.reddit.com/r/cybersecurity/comments/1nhijzp/prompt_injection_is_becoming_a_major_security/,Opinionated and broad; related to AI security but not a concrete technical lesson.
"With the reality of prompt injection, the best assumption is that all LLM output is 'maximally evil' - that it is actively trying to exploit anything and everything downstream of it.",concept_definition,r/cybersecurity - Prompt injection is becoming a major security threat,https://www.reddit.com/r/cybersecurity/comments/1nhijzp/prompt_injection_is_becoming_a_major_security/,Explains a defensive mindset for treating LLM output as hostile.
Feed it with system prompts of your LLM application and let it perform automated prompt injection attacks.,tool_or_control,r/LocalLLaMA - I wrote an open source tool to test prompt injection attacks,https://www.reddit.com/r/LocalLLaMA/comments/1i7d3hi/i_wrote_an_open_source_tool_to_test_prompt/,Describes using a tool to automate prompt-injection testing.
It will reveal potential vulnerabilities and determine if attackers could extract your system prompts.,attack_or_testing_tactic,r/LocalLLaMA - I wrote an open source tool to test prompt injection attacks,https://www.reddit.com/r/LocalLLaMA/comments/1i7d3hi/i_wrote_an_open_source_tool_to_test_prompt/,Describes testing for system-prompt extraction.
I spent a lot of time building a prompt injection scanner and learned a lot about what actually bypasses filters in production.,tool_or_control,r/cybersecurity - Breaking down the prompt injection attacks most AI apps aren't catching,https://www.reddit.com/r/cybersecurity/comments/1r3sjxz/breaking_down_the_prompt_injection_attacks_most/,Mentions a prompt-injection scanner and production filter bypass testing.
"Wrote up the techniques I found most interesting Base64 encoding, Cyrillic homoglyphs, multilingual injection, and semantic attacks that contain zero injection keywords.",attack_or_testing_tactic,r/cybersecurity - Breaking down the prompt injection attacks most AI apps aren't catching,https://www.reddit.com/r/cybersecurity/comments/1r3sjxz/breaking_down_the_prompt_injection_attacks_most/,Lists concrete prompt-injection bypass techniques.
The core principle is to treat all user input as hostile and tainted by default.,tool_or_control,r/cybersecurity - A more robust way to think about defending against Prompt Injection,https://www.reddit.com/r/cybersecurity/comments/1m0afun/a_more_robust_way_to_think_about_defending/,Describes input tainting as a defensive control.
"Attackers are always finding creative ways to bypass blocklists with synonyms, weird encodings, or by hiding instructions in plain sight.",attack_or_testing_tactic,r/cybersecurity - A more robust way to think about defending against Prompt Injection,https://www.reddit.com/r/cybersecurity/comments/1m0afun/a_more_robust_way_to_think_about_defending/,Describes blocklist bypass tactics.
"When you give those clients access to your filesystem, databases, or APIs through MCP servers, you're opening up serious attack vectors.",concept_definition,r/LocalLLaMA - ContextGuard open-source security monitoring for MCP servers,https://www.reddit.com/r/LocalLLaMA/comments/1odyntn/contextguard_opensource_security_monitoring_for/,"Explains the security risk created by MCP access to files, databases, and APIs."
"Prompt injection, data leakage, and path traversal attacks are all possible.",attack_or_testing_tactic,r/LocalLLaMA - ContextGuard open-source security monitoring for MCP servers,https://www.reddit.com/r/LocalLLaMA/comments/1odyntn/contextguard_opensource_security_monitoring_for/,Lists attack types possible through MCP-connected systems.
"Most developers building MCP servers don't have security expertise, and there wasn't an easy way to add protection.",low_signal_or_general,r/LocalLLaMA - ContextGuard open-source security monitoring for MCP servers,https://www.reddit.com/r/LocalLLaMA/comments/1odyntn/contextguard_opensource_security_monitoring_for/,Broad commentary about developer security gaps; useful context but not a concrete tactic.
"Prompt injection stopped being a chatbot trick this year. Here are the five patterns that changed the threat landscape, with real CVEs and incidents behind each one.",low_signal_or_general,r/cybersecurity - Prompt Injection in 2026: The Five Attack Patterns That Actually Matter,https://www.reddit.com/r/cybersecurity/comments/1t2ycd9/prompt_injection_in_2026_the_five_attack_patterns/,High-level framing of prompt injection trends without enough specific detail in this excerpt.
Wraps your MCP server as a transparent security proxy.,tool_or_control,r/LocalLLaMA - ContextGuard open-source security monitoring for MCP servers,https://www.reddit.com/r/LocalLLaMA/comments/1odyntn/contextguard_opensource_security_monitoring_for/,Describes a security proxy control for MCP servers.
Detects 8+ prompt injection patterns in real-time.,tool_or_control,r/LocalLLaMA - ContextGuard open-source security monitoring for MCP servers,https://www.reddit.com/r/LocalLLaMA/comments/1odyntn/contextguard_opensource_security_monitoring_for/,Describes real-time prompt-injection detection as a control.
For data poisoning you may study and improve the transfer ability of attacks.,concept_definition,r/MachineLearning - Adversarial Machine Learning,https://www.reddit.com/r/MachineLearning/comments/1s36bxr/r_adversarial_machine_learning/,Introduces data poisoning and transferability as adversarial ML concepts.
"That means suppose to be in a black box scenario, you don't know the Dataset used for training phase, the model, the feature space and parameters with loss.",concept_definition,r/MachineLearning - Adversarial Machine Learning,https://www.reddit.com/r/MachineLearning/comments/1s36bxr/r_adversarial_machine_learning/,Explains a black-box adversarial ML scenario.
"However you are able to receive feedback from the target model, for example put a prompt in a Llm and obtaining response.",attack_or_testing_tactic,r/MachineLearning - Adversarial Machine Learning,https://www.reddit.com/r/MachineLearning/comments/1s36bxr/r_adversarial_machine_learning/,Describes probing a target model by sending prompts and observing feedback.
Adversarial Attacks are a serious threat to DL models.,concept_definition,r/MachineLearning - Have you ever faced attacks on deep learning model in your projects?,https://www.reddit.com/r/MachineLearning/comments/n5f9u5/d_have_you_ever_faced_attacks_on_deep_learning/,Defines adversarial attacks as a threat to deep learning models.
An attacker can intentionally create malicious inputs to fool the DL model and get the incorrect outputs.,attack_or_testing_tactic,r/MachineLearning - Have you ever faced attacks on deep learning model in your projects?,https://www.reddit.com/r/MachineLearning/comments/n5f9u5/d_have_you_ever_faced_attacks_on_deep_learning/,Describes malicious inputs used to fool a model.
"If we use an ""LLM security checker"" to prevent prompt injection attacks in our LLMs, what do we use to prevent prompt injection attacks in the ""LLM security checker""?",tool_or_control,r/netsec - Preventing Prompt Injection Attacks at Scale,https://www.reddit.com/r/netsec/comments/1l79xay/preventing_prompt_injection_attacks_at_scale/,Raises a control-design issue about securing the security checker itself.
"With the proliferation of MCP servers, your injection prompt may come with a JIRA ticket, a GitHub hidden image file, or open-source documentation.",attack_or_testing_tactic,r/netsec - The security paradox of local LLMs,https://www.reddit.com/r/netsec/comments/1od7azc/the_security_paradox_of_local_llms/,Describes realistic prompt-injection delivery paths through connected tools and documents.
You either constrain LLM powers or risk that exposure.,tool_or_control,r/netsec - The security paradox of local LLMs,https://www.reddit.com/r/netsec/comments/1od7azc/the_security_paradox_of_local_llms/,Frames limiting model authority as a security control.
"Most prompt injection discussion focuses on text - jailbreaks, DAN prompts, that kind of thing.",concept_definition,r/cybersecurity - I've been testing how to inject prompts into images and audio files,https://www.reddit.com/r/cybersecurity/comments/1sd5ycz/ive_been_testing_how_to_inject_prompts_into/,Distinguishes text-based prompt injection from multimodal prompt injection.
I've been looking at what happens when you hide instructions in places humans don't check: image metadata and ultrasonic audio.,attack_or_testing_tactic,r/cybersecurity - I've been testing how to inject prompts into images and audio files,https://www.reddit.com/r/cybersecurity/comments/1sd5ycz/ive_been_testing_how_to_inject_prompts_into/,Describes hiding instructions in image metadata and ultrasonic audio.
"I've been working on a systems-level analysis of why prompt injection, tool misuse, and agent failures keep recurring even as prompts and guardrails improve.",concept_definition,r/cybersecurity - Prompt injection isn't a prompting problem. It's an authority problem.,https://www.reddit.com/r/cybersecurity/comments/1pwvpo7/prompt_injection_isnt_a_prompting_problem_its_an/,Explains recurring prompt injection as a systems-level issue.
Prompt injection isn’t a prompting problem. It’s an authority problem.,concept_definition,r/cybersecurity - Prompt injection isn't a prompting problem. It's an authority problem.,https://www.reddit.com/r/cybersecurity/comments/1pwvpo7/prompt_injection_isnt_a_prompting_problem_its_an/,Defines prompt injection as an authority/control problem rather than only a prompt-writing problem.
"If you're looking beyond simple jailbreaking, you should definitely check out Garak, an LLM vulnerability scanner, and PyRIT, Python Risk Identification Tool, by Microsoft.",tool_or_control,r/cybersecurity - Red teaming for AI/LLM apps,https://www.reddit.com/r/cybersecurity/comments/1r4p4du/red_teaming_for_aillm_apps/,Names Garak and PyRIT as LLM red-teaming tools.
"Both tools provide a more structured way to test for bias, toxicity, and data exfiltration rather than just basic prompt injections.",tool_or_control,r/cybersecurity - Red teaming for AI/LLM apps,https://www.reddit.com/r/cybersecurity/comments/1r4p4du/red_teaming_for_aillm_apps/,Explains structured AI/LLM testing beyond basic prompt injection.
Promptfoo is great for running test cases and evaluating outputs at scale.,tool_or_control,r/cybersecurity - Red teaming for AI/LLM apps,https://www.reddit.com/r/cybersecurity/comments/1r4p4du/red_teaming_for_aillm_apps/,Names Promptfoo as an evaluation/testing tool.
"Neglected scalability and security, for example prompt injection, to a degree because it's only being used by a few trusted people.",low_signal_or_general,r/LocalLLaMA - Architecture and middleware for RAG assistants,https://www.reddit.com/r/LocalLLaMA/comments/1iec75g/architecture_and_middleware_for_rag_assistants/,General comment about underprioritizing RAG security; useful context but not a detailed tactic.
"While I'm usually wary of opinionated frameworks, I find standardization can be a good thing that helps you focus on your business value.",low_signal_or_general,r/LocalLLaMA - Architecture and middleware for RAG assistants,https://www.reddit.com/r/LocalLLaMA/comments/1iec75g/architecture_and_middleware_for_rag_assistants/,General opinion about frameworks and standardization rather than a concrete AI security concept.
"What all tools or things you are doing in AI security and in AI for Cloud Security, where do you get learning’s as well, anything new in this area?",low_signal_or_general,r/cybersecurity - What are you doing in AI Security?,https://www.reddit.com/r/cybersecurity/comments/1plg8m0/what_are_you_doing_in_ai_security/,Broad question about AI security learning and tools; not itself a technical concept or tactic.
The funfact is that the ai stuff will bring more vulns in products.,low_signal_or_general,r/cybersecurity - What are you doing in AI Security?,https://www.reddit.com/r/cybersecurity/comments/1plg8m0/what_are_you_doing_in_ai_security/,Broad opinion that AI will introduce more vulnerabilities without specific technical detail.
"I've written a blog post to showcase the different experiments I've had with prompt injection attacks, their detection, and prevention.",low_signal_or_general,r/netsec - Preventing Prompt Injection Attacks at Scale,https://www.reddit.com/r/netsec/comments/1l79xay/preventing_prompt_injection_attacks_at_scale/,Promotional/high-level summary without enough specific technical content in the excerpt.
Pretty much. You can't exploit something that offers insecurity as a feature.,low_signal_or_general,r/netsec - Microsoft Copilot: From Prompt Injection to Exfiltration of Personal Information,https://www.reddit.com/r/netsec/comments/1f34sr9/microsoft_copilot_from_prompt_injection_to/,Opinionated statement about LLM insecurity; low technical specificity.
Rolling out Copilot: How worried should I be about Indirect Prompt Injection?,attack_or_testing_tactic,r/cybersecurity - Rolling out Copilot,https://www.reddit.com/r/cybersecurity/comments/1uaxq9e/rolling_out_copilot_how_worried_should_i_be_about/,Post title describes indirect prompt injection risk in Copilot-style document workflows.
AI Agents May Always Fall for Prompt Injections,concept_definition,r/netsec - AI Agents May Always Fall for Prompt Injections,https://www.reddit.com/r/netsec/comments/1u0wykc/ai_agents_may_always_fall_for_prompt_injections/,Frames prompt injection as a persistent agent security issue.
It seems fundamental to the architecture of LLMs but it should be specified as LLMs and not AI.,concept_definition,r/netsec - AI Agents May Always Fall for Prompt Injections,https://www.reddit.com/r/netsec/comments/1u0wykc/ai_agents_may_always_fall_for_prompt_injections/,Explains the distinction between LLM-specific vulnerability and broader AI.
Social engineering is prompt injection for people.,low_signal_or_general,r/netsec - AI Agents May Always Fall for Prompt Injections,https://www.reddit.com/r/netsec/comments/1u0wykc/ai_agents_may_always_fall_for_prompt_injections/,Analogy is memorable but too broad to teach a concrete AI security control or tactic.
This is not new information. Even Sam Altman has acknowledged this.,low_signal_or_general,r/netsec - AI Agents May Always Fall for Prompt Injections,https://www.reddit.com/r/netsec/comments/1u0wykc/ai_agents_may_always_fall_for_prompt_injections/,Dismissive commentary with limited technical detail.
Augustus: Open Source LLM Prompt Injection Tool,tool_or_control,r/netsec - Augustus open source LLM prompt injection tool,https://www.reddit.com/r/netsec/comments/1r0h42m/augustus_open_source_llm_prompt_injection_tool/,Names Augustus as an LLM prompt-injection testing tool.
The distinction matters because prompt injection defense at the model layer will never be 100%.,concept_definition,r/netsec - Augustus open source LLM prompt injection tool,https://www.reddit.com/r/netsec/comments/1r0h42m/augustus_open_source_llm_prompt_injection_tool/,Explains why model-layer defense alone is insufficient.
The real question is: what happens when it fails?,concept_definition,r/netsec - Augustus open source LLM prompt injection tool,https://www.reddit.com/r/netsec/comments/1r0h42m/augustus_open_source_llm_prompt_injection_tool/,Frames failure handling as the core security concern.
"If the injected instruction executes with the agent's full permissions, you have a governance problem, not just a prompt injection problem.",concept_definition,r/netsec - Augustus open source LLM prompt injection tool,https://www.reddit.com/r/netsec/comments/1r0h42m/augustus_open_source_llm_prompt_injection_tool/,Defines prompt injection as an authority and governance problem.
Augustus is an open-source LLM vulnerability scanner with 210+ adversarial probes.,tool_or_control,r/netsec - Augustus open source LLM prompt injection tool,https://www.reddit.com/r/netsec/comments/1r0h42m/augustus_open_source_llm_prompt_injection_tool/,Identifies a scanner and adversarial-probe testing capability.
Fast LLM Prompt Injection Detection with No Extra Latency,tool_or_control,r/cybersecurity - Fast LLM Prompt Injection Detection,https://www.reddit.com/r/cybersecurity/comments/1mmj60a/fast_llm_prompt_injection_detection_with_no_extra/,Names a detection approach for prompt injection.
Since then I have seen prompt injection exploited in real-world bug bounty reports and research.,concept_definition,r/cybersecurity - Fast LLM Prompt Injection Detection,https://www.reddit.com/r/cybersecurity/comments/1mmj60a/fast_llm_prompt_injection_detection_with_no_extra/,Connects prompt injection to real-world security research and bug bounty findings.
The attack can trick an LLM into ignoring prior instructions.,attack_or_testing_tactic,r/cybersecurity - Fast LLM Prompt Injection Detection,https://www.reddit.com/r/cybersecurity/comments/1mmj60a/fast_llm_prompt_injection_detection_with_no_extra/,Describes instruction override as an attack behavior.
The attack can trick an LLM into revealing hidden system prompts.,attack_or_testing_tactic,r/cybersecurity - Fast LLM Prompt Injection Detection,https://www.reddit.com/r/cybersecurity/comments/1mmj60a/fast_llm_prompt_injection_detection_with_no_extra/,Describes system-prompt leakage as an attack outcome.
The attack can trick an LLM into disabling safety guardrails.,attack_or_testing_tactic,r/cybersecurity - Fast LLM Prompt Injection Detection,https://www.reddit.com/r/cybersecurity/comments/1mmj60a/fast_llm_prompt_injection_detection_with_no_extra/,Describes guardrail bypass as an attack outcome.
Scan malicious prompt injection using a local non-tool-calling model,tool_or_control,r/LocalLLaMA - Scan malicious prompt injection using a local model,https://www.reddit.com/r/LocalLLaMA/comments/1ryu75z/scan_malicious_prompt_injection_using_a_local/,Describes a local model used as a scanning control.
Claude Code supports the ! operator to execute bash commands directly and that can be included in skills.,attack_or_testing_tactic,r/LocalLLaMA - Scan malicious prompt injection using a local model,https://www.reddit.com/r/LocalLLaMA/comments/1ryu75z/scan_malicious_prompt_injection_using_a_local/,Describes command-execution capability that increases prompt-injection impact.
"Prompt injection explained, with video, slides, and a transcript",concept_definition,r/netsec - Prompt injection explained,https://www.reddit.com/r/netsec/comments/13h7n2w/prompt_injection_explained_with_video_slides_and/,Post title identifies a conceptual explanation of prompt injection.
We're just concatenating into the prompt and passing it into the black box that is the LLM.,concept_definition,r/netsec - Prompt injection explained,https://www.reddit.com/r/netsec/comments/13h7n2w/prompt_injection_explained_with_video_slides_and/,Explains prompt construction as concatenation into a black-box model.
Prompt Injection AI hacking and LLM Attacks,low_signal_or_general,r/cybersecurity - Prompt Injection AI hacking and LLM Attacks,https://www.reddit.com/r/cybersecurity/,High-level title-style statement without a specific technical method in the excerpt.
Demonstration: prompt-injection failures in a simulated help-desk LLM,attack_or_testing_tactic,r/netsec - Help-desk LLM prompt-injection failures,https://www.reddit.com/r/netsec/comments/1qdovq3/demonstration_promptinjection_failures_in_a/,Describes testing prompt-injection failures in a simulated support deployment.
I built this as a small demonstration to explore prompt-injection and instruction-override failure modes in help-desk-style LLM deployments.,attack_or_testing_tactic,r/netsec - Help-desk LLM prompt-injection failures,https://www.reddit.com/r/netsec/comments/1qdovq3/demonstration_promptinjection_failures_in_a/,Describes a test scenario for instruction override in help-desk LLMs.
Update: 500K+ multimodal prompt injection samples,tool_or_control,r/LocalLLaMA - Multimodal prompt injection samples,https://www.reddit.com/r/LocalLLaMA/comments/1stjuw9/update_500k_multimodal_prompt_injection_samples/,Describes a large dataset/resource for multimodal prompt-injection detection.
"Reasoning model DoS is important for anyone running o1, R1, or QwQ.",concept_definition,r/LocalLLaMA - Multimodal prompt injection samples,https://www.reddit.com/r/LocalLLaMA/comments/1stjuw9/update_500k_multimodal_prompt_injection_samples/,Introduces reasoning-model denial of service as a risk concept.
OverThink injects decoy MDP problems into RAG context that cause 46x slowdown.,attack_or_testing_tactic,r/LocalLLaMA - Multimodal prompt injection samples,https://www.reddit.com/r/LocalLLaMA/comments/1stjuw9/update_500k_multimodal_prompt_injection_samples/,Describes a RAG-context denial-of-service attack tactic.
BadThink inflates reasoning traces while keeping answers correct.,attack_or_testing_tactic,r/LocalLLaMA - Multimodal prompt injection samples,https://www.reddit.com/r/LocalLLaMA/comments/1stjuw9/update_500k_multimodal_prompt_injection_samples/,Describes reasoning-trace inflation as an attack tactic.
A simple triple-base64 encoding causes token amplification on R1.,attack_or_testing_tactic,r/LocalLLaMA - Multimodal prompt injection samples,https://www.reddit.com/r/LocalLLaMA/comments/1stjuw9/update_500k_multimodal_prompt_injection_samples/,Describes encoding-based token amplification against a reasoning model.
These attacks do not jailbreak your model - they bankrupt you on compute.,concept_definition,r/LocalLLaMA - Multimodal prompt injection samples,https://www.reddit.com/r/LocalLLaMA/comments/1stjuw9/update_500k_multimodal_prompt_injection_samples/,Explains compute-exhaustion risk separate from jailbreak behavior.
Lessons from deploying RAG bots for regulated industries,tool_or_control,r/LocalLLaMA - Lessons from deploying RAG bots,https://www.reddit.com/r/LocalLLaMA/comments/1s6oiuq/lessons_from_deploying_rag_bots_for_regulated/,Post title points to deployment controls for regulated RAG systems.
Do not overengineer your RAG. Test with real users and your own handcrafted test set.,tool_or_control,r/LocalLLaMA - Lessons from deploying RAG bots,https://www.reddit.com/r/LocalLLaMA/comments/1s6oiuq/lessons_from_deploying_rag_bots_for_regulated/,Recommends user testing and handcrafted test sets as evaluation controls.
Establish a feedback monitoring pipeline early on.,tool_or_control,r/LocalLLaMA - Lessons from deploying RAG bots,https://www.reddit.com/r/LocalLLaMA/comments/1s6oiuq/lessons_from_deploying_rag_bots_for_regulated/,Identifies feedback monitoring as a deployment control.
Langfuse works well enough and is easy to integrate into a traditional stack.,tool_or_control,r/LocalLLaMA - Lessons from deploying RAG bots,https://www.reddit.com/r/LocalLLaMA/comments/1s6oiuq/lessons_from_deploying_rag_bots_for_regulated/,Names Langfuse as an observability/monitoring tool for LLM workflows.
Does RAG work on large codebases? Or does chunking make it mostly useless?,low_signal_or_general,r/LocalLLaMA - RAG on large codebases,https://www.reddit.com/r/LocalLLaMA/comments/1gf2mg5/does_rag_work_on_large_codebases_or_does_chunking/,Broad question about RAG effectiveness rather than a specific security concept.
I plan on putting developers' app codebases into individual Open WebUI knowledge repositories to keep them all separated.,tool_or_control,r/LocalLLaMA - RAG on large codebases,https://www.reddit.com/r/LocalLLaMA/comments/1gf2mg5/does_rag_work_on_large_codebases_or_does_chunking/,Describes repository separation as a data-isolation design choice.
I plan on using RAG of specific codebases using tags.,tool_or_control,r/LocalLLaMA - RAG on large codebases,https://www.reddit.com/r/LocalLLaMA/comments/1gf2mg5/does_rag_work_on_large_codebases_or_does_chunking/,Describes scoped RAG retrieval using tags.
Discussing the Adversarial ML Threat Matrix,concept_definition,r/MachineLearning - Adversarial ML Threat Matrix,https://www.reddit.com/r/MachineLearning/comments/jifw13/d_discussing_the_adversarial_ml_threat_matrix/,Post title identifies an adversarial ML framework.
The ATT&CK format is accessible to security analysts who are not well versed in ML algorithms.,tool_or_control,r/MachineLearning - Adversarial ML Threat Matrix,https://www.reddit.com/r/MachineLearning/comments/jifw13/d_discussing_the_adversarial_ml_threat_matrix/,Explains ATT&CK-style structure as a usable framework/control reference.
It provides guidelines on key places to look for compromise.,tool_or_control,r/MachineLearning - Adversarial ML Threat Matrix,https://www.reddit.com/r/MachineLearning/comments/jifw13/d_discussing_the_adversarial_ml_threat_matrix/,Describes guidance for compromise investigation.
The matrix provides ML engineers with insights on how their practices can create attack vectors.,concept_definition,r/MachineLearning - Adversarial ML Threat Matrix,https://www.reddit.com/r/MachineLearning/comments/jifw13/d_discussing_the_adversarial_ml_threat_matrix/,Explains how ML development practices can create attack vectors.
Black box adversarial attacks that do not require output labels,concept_definition,r/MachineLearning - Black box adversarial attacks,https://www.reddit.com/r/MachineLearning/comments/vi97e2/r_black_box_adversarial_attacks_that_do_not/,Post title introduces black-box adversarial attack concepts.
Are there any black box attacks that do not require the model's output labels?,concept_definition,r/MachineLearning - Black box adversarial attacks,https://www.reddit.com/r/MachineLearning/comments/vi97e2/r_black_box_adversarial_attacks_that_do_not/,Asks about black-box attack assumptions and output-label access.
What are adversarial examples in NLP?,concept_definition,r/MachineLearning - Adversarial examples in NLP,https://www.reddit.com/r/MachineLearning/comments/iibdeh/p_what_are_adversarial_examples_in_nlp/,Post title identifies adversarial examples in NLP as a concept.
Adversarial perturbations cause an imperceptible change to humans but a total misclassification to computer vision models.,concept_definition,r/MachineLearning - Adversarial examples in NLP,https://www.reddit.com/r/MachineLearning/comments/iibdeh/p_what_are_adversarial_examples_in_nlp/,Defines adversarial perturbations and model misclassification.
Is adversarial attack common in industry?,low_signal_or_general,r/MachineLearning - Is adversarial attack common in industry?,https://www.reddit.com/r/MachineLearning/comments/p9sy3b/d_r_is_adversarial_attack_common_in_industry/,Broad question about industry relevance without a specific tactic in the excerpt.
"Papers benchmark their methods against adversarial attacks like FGSM, PGD, OnePixel, etc.",tool_or_control,r/MachineLearning - Is adversarial attack common in industry?,https://www.reddit.com/r/MachineLearning/comments/p9sy3b/d_r_is_adversarial_attack_common_in_industry/,Names benchmark attack methods used to evaluate adversarial robustness.
"The results are interesting, but I wonder whether these methods actually happen in industry.",low_signal_or_general,r/MachineLearning - Is adversarial attack common in industry?,https://www.reddit.com/r/MachineLearning/comments/p9sy3b/d_r_is_adversarial_attack_common_in_industry/,Broad practical-relevance question without a concrete control or tactic.
Have adversarial examples done any damage in the real world?,low_signal_or_general,r/MachineLearning - Have adversarial examples done damage?,https://www.reddit.com/r/MachineLearning/comments/kxu9oa/d_have_adversarial_examples_done_any_damage_in/,Broad question about real-world damage without enough technical detail in the excerpt.
I watched an overview of adversarial examples covering realistic attacks that have been published so far.,concept_definition,r/MachineLearning - Have adversarial examples done damage?,https://www.reddit.com/r/MachineLearning/comments/kxu9oa/d_have_adversarial_examples_done_any_damage_in/,References realistic adversarial example attacks as a concept area.
The security paradox of local LLMs,low_signal_or_general,r/netsec - The security paradox of local LLMs,https://www.reddit.com/r/netsec/comments/1od7azc/the_security_paradox_of_local_llms/,Title-level framing is relevant but broad.
This depends on the attacker already being inside your organization to influence your local LLM.,concept_definition,r/netsec - The security paradox of local LLMs,https://www.reddit.com/r/netsec/comments/1od7azc/the_security_paradox_of_local_llms/,Explains an attacker-position assumption for local LLM risk.
"If an outside actor can inject information to your local LLM, what are you doing?",low_signal_or_general,r/netsec - The security paradox of local LLMs,https://www.reddit.com/r/netsec/comments/1od7azc/the_security_paradox_of_local_llms/,Rhetorical critique with limited technical specificity.
Do you have a habit of giving randos access to your database as well?,low_signal_or_general,r/netsec - The security paradox of local LLMs,https://www.reddit.com/r/netsec/comments/1od7azc/the_security_paradox_of_local_llms/,Rhetorical low-signal analogy rather than a concrete technical control.
AI-generated posts are not welcome.,low_signal_or_general,r/netsec - subreddit rules/sidebar,https://www.reddit.com/r/netsec/,"Community rule/commentary, not a technical AI security concept."
No tool posts are accepted unless they are quality technical posts explaining what is innovative about a tool.,low_signal_or_general,r/netsec - subreddit rules/sidebar,https://www.reddit.com/r/netsec/,Community moderation rule rather than AI security substance.
RAG security testing often overemphasizes direct prompt injection when the actual weakness is the vector retrieval boundary.,concept_definition,r/cybersecurity - Help with RAG AI model pentest,https://www.reddit.com/r/cybersecurity/comments/1owzerf/help_with_rag_ai_model_pentest/,Explains retrieval-boundary risk as a core RAG security concept.
"Since your setup uses AWS models and text input, I would prioritize testing the context assembly layer before focusing on the LLM itself.",attack_or_testing_tactic,r/cybersecurity - Help with RAG AI model pentest,https://www.reddit.com/r/cybersecurity/comments/1owzerf/help_with_rag_ai_model_pentest/,Recommends a concrete RAG pentesting focus on the context assembly layer.
Ensure your input sanitization strictly filters special characters that could escape the prompt structure.,tool_or_control,r/cybersecurity - Help with RAG AI model pentest,https://www.reddit.com/r/cybersecurity/comments/1owzerf/help_with_rag_ai_model_pentest/,Names input sanitization as a control for prompt-structure escape attempts.
Testing for attempts targeting PostgreSQL or the vector index metadata should be part of the assessment.,attack_or_testing_tactic,r/cybersecurity - Help with RAG AI model pentest,https://www.reddit.com/r/cybersecurity/comments/1owzerf/help_with_rag_ai_model_pentest/,Describes testing metadata and vector-index attack paths.
"Prompt logging matters because LLM applications may need to preserve prompts, responses, tool calls, and retrieved context for investigation, but full payload logging can create storage and privacy risks.",tool_or_control,r/cybersecurity - Prompt Logging Question,https://www.reddit.com/r/cybersecurity/comments/1oumn3w/prompt_logging_question/,Explains prompt logging as a monitoring control while noting storage and privacy tradeoffs.
"With regard to AI, I’m wondering what people are doing and if possible how they are doing it?",low_signal_or_general,r/cybersecurity - Prompt Logging Question,https://www.reddit.com/r/cybersecurity/comments/1oumn3w/prompt_logging_question/,Broad question about AI logging practices without specific technique.
Any training that covers OWASP-style LLM security testing?,low_signal_or_general,r/cybersecurity - OWASP-style LLM security testing training,https://www.reddit.com/r/cybersecurity/comments/1rlavyv/any_training_that_covers_owaspstyle_llm_security/,"Training request is relevant but not a concrete concept, tool, or tactic."
"AI Data Testing – training data poisoning, RAG data leakage, embeddings security, dataset integrity.",concept_definition,r/cybersecurity - OWASP-style LLM security testing training,https://www.reddit.com/r/cybersecurity/comments/1rlavyv/any_training_that_covers_owaspstyle_llm_security/,Lists AI security testing domains and concepts.
Basically something aligned with the OWASP Top 10 for LLM Applications.,tool_or_control,r/cybersecurity - OWASP-style LLM security testing training,https://www.reddit.com/r/cybersecurity/comments/1rlavyv/any_training_that_covers_owaspstyle_llm_security/,References OWASP Top 10 for LLM Applications as a framework.
Open-sourced an LLM security scanner with 210+ adversarial probes.,tool_or_control,r/cybersecurity - Open-sourced an LLM security scanner,https://www.reddit.com/r/cybersecurity/comments/1r0haq8/opensourced_an_llm_security_scanner_with_210/,Identifies an LLM security scanner and adversarial probe capability.
Augustus runs 210+ adversarial probes against LLMs across 47 attack categories.,tool_or_control,r/cybersecurity - Open-sourced an LLM security scanner,https://www.reddit.com/r/cybersecurity/comments/1r0haq8/opensourced_an_llm_security_scanner_with_210/,Describes scanner coverage across many attack categories.
"Prompt injection: encoding attacks such as Base64, ROT13, Morse, hex.",attack_or_testing_tactic,r/cybersecurity - Open-sourced an LLM security scanner,https://www.reddit.com/r/cybersecurity/comments/1r0haq8/opensourced_an_llm_security_scanner_with_210/,Lists encoding-based prompt-injection attack tactics.
Roleplay attacks attempt to shift the model into a different persona or authority frame.,attack_or_testing_tactic,r/cybersecurity - Open-sourced an LLM security scanner,https://www.reddit.com/r/cybersecurity/comments/1r0haq8/opensourced_an_llm_security_scanner_with_210/,Describes roleplay as an adversarial LLM testing tactic.
Context overflow attacks try to bury or override earlier instructions by flooding the prompt.,attack_or_testing_tactic,r/cybersecurity - Open-sourced an LLM security scanner,https://www.reddit.com/r/cybersecurity/comments/1r0haq8/opensourced_an_llm_security_scanner_with_210/,Describes prompt flooding/context overflow as an attack tactic.
New to LLM QA – Metadata leakage concern from RAG.,concept_definition,r/LLM - Metadata leakage concern from RAG,https://www.reddit.com/r/LLM/comments/1mew16k/new_to_llm_qa_metadata_leakage_concern_from_rag/,Introduces metadata leakage as a RAG security concept.
I tried prompting the model at the user level to return the JSON metadata from the source documents.,attack_or_testing_tactic,r/LLM - Metadata leakage concern from RAG,https://www.reddit.com/r/LLM/comments/1mew16k/new_to_llm_qa_metadata_leakage_concern_from_rag/,Describes a test prompt attempting to retrieve source-document metadata.
"To my surprise, it complied — not only did it return the metadata, but it also offered to show more.",concept_definition,r/LLM - Metadata leakage concern from RAG,https://www.reddit.com/r/LLM/comments/1mew16k/new_to_llm_qa_metadata_leakage_concern_from_rag/,Shows metadata exposure as a RAG leakage risk.
"Given a document database, compute the documents embeddings as they would be after going through the LLM.",concept_definition,r/LocalLLaMA - Inject computed embeddings instead of text,https://www.reddit.com/r/LocalLLaMA/comments/1h860ys/is_it_possible_to_inject_computed_embeddings/,Discusses embeddings as an alternative document representation concept.
This would add a layer of obfuscation even if possibly deciphered by the LLM through prompt attacks.,tool_or_control,r/LocalLLaMA - Inject computed embeddings instead of text,https://www.reddit.com/r/LocalLLaMA/comments/1h860ys/is_it_possible_to_inject_computed_embeddings/,Frames embedding obfuscation as a possible data-protection control.
I could in theory have important documents being served but not being human readable.,tool_or_control,r/LocalLLaMA - Inject computed embeddings instead of text,https://www.reddit.com/r/LocalLLaMA/comments/1h860ys/is_it_possible_to_inject_computed_embeddings/,Discusses reducing human-readable exposure of sensitive documents.
When deploying LLM models it is very important that we understand how to provide service to users in a safe manner.,concept_definition,r/MachineLearning - Be careful with user facing apps using LLMs,https://www.reddit.com/r/MachineLearning/comments/12xwzt9/d_be_careful_with_user_facing_apps_using_llms/,Explains safety requirements for user-facing LLM deployments.
"Defending against prompt injection requires more than telling the model to ignore malicious instructions; the application needs controls around input handling, output validation, permissions, and tool access.",tool_or_control,r/MachineLearning - Be careful with user facing apps using LLMs,https://www.reddit.com/r/MachineLearning/comments/12xwzt9/d_be_careful_with_user_facing_apps_using_llms/,Expands prompt-injection defense into concrete application-layer controls.
"Preventing data and model poisoning means protecting training data, retrieved documents, feedback loops, and model update pipelines from malicious or corrupted inputs.",tool_or_control,r/MachineLearning - Be careful with user facing apps using LLMs,https://www.reddit.com/r/MachineLearning/comments/12xwzt9/d_be_careful_with_user_facing_apps_using_llms/,Explains data and model poisoning prevention as an AI security control area.
"OpenAI roles API functionality can help structure prompts in a more deliberately secure way by separating system, developer, and user instructions.",tool_or_control,r/MachineLearning - Improving LLM Security Against Prompt Injection,https://www.reddit.com/r/MachineLearning/comments/19e0ovg/r_improving_llm_security_against_prompt_injection/,Discusses secure prompt construction and roles API use as defensive controls.
This post aims to provide more under-the-hood context about why prompt injection attacks are effective.,concept_definition,r/MachineLearning - Improving LLM Security Against Prompt Injection,https://www.reddit.com/r/MachineLearning/comments/1am5ebe/r_improving_llm_security_against_prompt_injection/,Explains prompt injection effectiveness as a concept.
"We’re doing a deeper dive into transformers, attention, and how these topics play a role in prompt injection attacks.",concept_definition,r/MachineLearning - Improving LLM Security Against Prompt Injection,https://www.reddit.com/r/MachineLearning/comments/1am5ebe/r_improving_llm_security_against_prompt_injection/,Connects transformer/attention concepts to prompt injection behavior.
Sounds like you care more about who writes the article and not the content or trying out the tool.,low_signal_or_general,r/netsec - AI/ML Security scan and fix your LLM jailbreaks,https://www.reddit.com/r/netsec/comments/1c65vm8/aiml_security_scan_and_fix_your_llm_jailbreaks/,Dismissive discussion comment with little technical teaching value.
Jailbreak is fairly common AI security terminology to indicate compromise system prompt via injection attack.,concept_definition,r/netsec - AI/ML Security scan and fix your LLM jailbreaks,https://www.reddit.com/r/netsec/comments/1c65vm8/aiml_security_scan_and_fix_your_llm_jailbreaks/,Defines jailbreak terminology in relation to system-prompt compromise.
Scan and fix your LLM jailbreaks.,tool_or_control,r/netsec - AI/ML Security scan and fix your LLM jailbreaks,https://www.reddit.com/r/netsec/comments/1c65vm8/aiml_security_scan_and_fix_your_llm_jailbreaks/,Title identifies scanning/fixing jailbreaks as a tool or control workflow.
How credential brokering prevents AI agents from leaking tokens and secrets.,tool_or_control,r/netsec - Credential brokering prevents AI agents from leaking tokens,https://www.reddit.com/r/netsec/comments/1tnbz96/how_credential_brokering_prevents_ai_agents_from/,Identifies credential brokering as a control for AI-agent secret handling.
It doesn't solve prompt injection itself though.,concept_definition,r/netsec - Credential brokering prevents AI agents from leaking tokens,https://www.reddit.com/r/netsec/comments/1tnbz96/how_credential_brokering_prevents_ai_agents_from/,Clarifies that credential brokering limits consequences but does not eliminate injection.
You still need guardianship or censorship models for LLMs.,tool_or_control,r/netsec - Credential brokering prevents AI agents from leaking tokens,https://www.reddit.com/r/netsec/comments/1tnbz96/how_credential_brokering_prevents_ai_agents_from/,Mentions additional guard/monitor models as controls.
That's the main fix for LLMs doing things they shouldn't.,tool_or_control,r/netsec - Credential brokering prevents AI agents from leaking tokens,https://www.reddit.com/r/netsec/comments/1tnbz96/how_credential_brokering_prevents_ai_agents_from/,Frames guardianship models as a mitigation control.
"A while back, Ian Goodfellow claimed that neural networks are too linear.",concept_definition,r/MachineLearning - Latest explanation on adversarial attacks,https://www.reddit.com/r/MachineLearning/comments/ervn2n/d_whats_the_latest_mainstream_explanation_on/,References linearity as an explanation for adversarial examples.
What's the most validated explanation for these adversarial attacks now?,concept_definition,r/MachineLearning - Latest explanation on adversarial attacks,https://www.reddit.com/r/MachineLearning/comments/ervn2n/d_whats_the_latest_mainstream_explanation_on/,Asks about conceptual explanations for adversarial attacks.
Impact of adversarial attacks on AI fairness.,concept_definition,r/MachineLearning - Master's thesis project in Adversarial ML,https://www.reddit.com/r/MachineLearning/comments/194dpc5/d_masters_thesis_project_in_adversarial_machine/,Connects adversarial attacks to fairness impacts as a concept.
Explore whether adversarial attacks exacerbate existing biases in datasets and models.,concept_definition,r/MachineLearning - Master's thesis project in Adversarial ML,https://www.reddit.com/r/MachineLearning/comments/194dpc5/d_masters_thesis_project_in_adversarial_machine/,Describes a conceptual research question on adversarial attacks and bias.
Real-world effectiveness of adversarial attacks and defenses.,concept_definition,r/MachineLearning - Master's thesis project in Adversarial ML,https://www.reddit.com/r/MachineLearning/comments/194dpc5/d_masters_thesis_project_in_adversarial_machine/,Identifies practical attack/defense effectiveness as a concept area.
Simulating practical applications and highlighting the gaps between theoretical robustness and practical effectiveness.,attack_or_testing_tactic,r/MachineLearning - Master's thesis project in Adversarial ML,https://www.reddit.com/r/MachineLearning/comments/194dpc5/d_masters_thesis_project_in_adversarial_machine/,Describes simulation as a testing tactic for adversarial ML defenses.
"Adversarial Attacks and Defenses in Images, Graphs and Text: A Review.",concept_definition,r/MachineLearning - Adversarial attacks and defenses review,https://www.reddit.com/r/MachineLearning/comments/doxz30/r_adversarial_attacks_and_defenses_in_images/,Title identifies adversarial attacks and defenses across domains.
We reviewed state-of-the-art Adversarial Attacks as well as Defenses against them in our paper.,concept_definition,r/MachineLearning - Adversarial attacks and defenses review,https://www.reddit.com/r/MachineLearning/comments/doxz30/r_adversarial_attacks_and_defenses_in_images/,Describes adversarial attack and defense review content.
"We cover images, graphs and text domains.",concept_definition,r/MachineLearning - Adversarial attacks and defenses review,https://www.reddit.com/r/MachineLearning/comments/doxz30/r_adversarial_attacks_and_defenses_in_images/,Explains the domains covered by adversarial ML attack/defense research.
OpenAI roles API functionality can help structure prompts in a more deliberately secure way.,tool_or_control,r/MachineLearning - Improving LLM Security Against Prompt Injection,https://www.reddit.com/r/MachineLearning/comments/19e0ovg/r_improving_llm_security_against_prompt_injection/,Mentions roles API as part of secure prompt construction.
Security professionals should focus their testing on the areas that matter.,low_signal_or_general,r/MachineLearning - Improving LLM Security Against Prompt Injection,https://www.reddit.com/r/MachineLearning/comments/19e0ovg/r_improving_llm_security_against_prompt_injection/,General testing advice without a concrete tactic in the excerpt.
RAG context before putting it into the prompt can help smaller models follow constraints.,tool_or_control,r/LocalLLaMA - Prompt Engineering for 7b LLMs,https://www.reddit.com/r/LocalLLaMA/comments/18e929k/prompt_engineering_for_7b_llms/,Mentions RAG context placement as a design/control pattern.
Break down your prompt into steps and teach the model each step through few-shot examples.,tool_or_control,r/LocalLLaMA - Prompt Engineering for 7b LLMs,https://www.reddit.com/r/LocalLLaMA/comments/18e929k/prompt_engineering_for_7b_llms/,Describes few-shot prompting as a control/design method.
"Assume that it'll always make a mistake, given enough repetition.",concept_definition,r/LocalLLaMA - Prompt Engineering for 7b LLMs,https://www.reddit.com/r/LocalLLaMA/comments/18e929k/prompt_engineering_for_7b_llms/,Explains model fallibility as a design assumption.
This will help you set up the necessary guardrails.,tool_or_control,r/LocalLLaMA - Prompt Engineering for 7b LLMs,https://www.reddit.com/r/LocalLLaMA/comments/18e929k/prompt_engineering_for_7b_llms/,Mentions guardrails as a model behavior control.
"AI Security CTF exercises can cover prompt injection, agent workflow hijacking, guardrail bypass, and tool-call abuse in realistic LLM systems.","attack_or_testing_tactic","r/netsec - AI Security CTF","https://www.reddit.com/r/netsec/comments/1tkse7w/ai_security_ctf_free_open_prompt_injection_agent/","Describes multiple AI-agent attack/testing scenarios."
"Chaining tool calls to exfiltrate secrets is a realistic agent attack pattern because the model can move from text generation into external actions.","attack_or_testing_tactic","r/netsec - AI Security CTF","https://www.reddit.com/r/netsec/comments/1tkse7w/ai_security_ctf_free_open_prompt_injection_agent/","Describes tool-call chaining and secret exfiltration as an attack tactic."
"Agent workflow hijacking happens when attacker-controlled instructions redirect the sequence of steps an AI agent is supposed to follow.","attack_or_testing_tactic","r/netsec - AI Security CTF","https://www.reddit.com/r/netsec/comments/1tkse7w/ai_security_ctf_free_open_prompt_injection_agent/","Explains workflow hijacking as an AI-agent attack pattern."
"Guardrail bypass testing checks whether an AI system can be pushed around safety or policy boundaries through adversarial prompts.","attack_or_testing_tactic","r/netsec - AI Security CTF","https://www.reddit.com/r/netsec/comments/1tkse7w/ai_security_ctf_free_open_prompt_injection_agent/","Describes guardrail bypass as a testing tactic."
"Inter-agent attacks become possible when one AI agent can influence another agent through shared context, messages, tools, or retrieved data.","attack_or_testing_tactic","r/netsec - AI Security CTF","https://www.reddit.com/r/netsec/comments/1tkse7w/ai_security_ctf_free_open_prompt_injection_agent/","Describes an attack pattern involving multiple agents."
"Prompt injection becomes more serious when the attacker can cause the agent to access private files, internal systems, or external APIs.","attack_or_testing_tactic","r/netsec - AI Security CTF","https://www.reddit.com/r/netsec/comments/1tkse7w/ai_security_ctf_free_open_prompt_injection_agent/","Explains escalation from text manipulation to system access."
"A benchmark showing that many AI-agent interactions contain attack attempts is useful because it turns anecdotal prompt-injection risk into measurable security data.","concept_definition","r/netsec - AI Security CTF","https://www.reddit.com/r/netsec/comments/1tkse7w/ai_security_ctf_free_open_prompt_injection_agent/","Explains the value of measuring AI-agent attack attempts."
"RAG security benchmarks show that retrieval-augmented systems can be vulnerable to both data poisoning and prompt injection.","concept_definition","r/MachineLearning - SafeRAG benchmark","https://www.reddit.com/r/MachineLearning/comments/1ii6k5c/r_saferag_a_security_evaluation_benchmark_for/","Defines key RAG security risk categories."
"Standardized testing frameworks give teams a common way to compare RAG security defenses instead of relying on ad hoc examples.","tool_or_control","r/MachineLearning - SafeRAG benchmark","https://www.reddit.com/r/MachineLearning/comments/1ii6k5c/r_saferag_a_security_evaluation_benchmark_for/","Describes benchmark standardization as an evaluation control."
"RAG defenses need metrics because a model may look safe in demos while still failing under poisoned documents or adversarial retrieval contexts.","tool_or_control","r/MachineLearning - SafeRAG benchmark","https://www.reddit.com/r/MachineLearning/comments/1ii6k5c/r_saferag_a_security_evaluation_benchmark_for/","Explains why RAG security needs measurable evaluation."
"Data poisoning in RAG can happen when malicious content is inserted into the knowledge base and later retrieved as trusted context.","attack_or_testing_tactic","r/MachineLearning - SafeRAG benchmark","https://www.reddit.com/r/MachineLearning/comments/1ii6k5c/r_saferag_a_security_evaluation_benchmark_for/","Describes poisoned retrieval content as an attack tactic."
"Prompt injection in RAG can happen when retrieved text contains instructions that compete with the system or developer instructions.","attack_or_testing_tactic","r/MachineLearning - SafeRAG benchmark","https://www.reddit.com/r/MachineLearning/comments/1ii6k5c/r_saferag_a_security_evaluation_benchmark_for/","Describes retrieved-text instruction injection."
"RAG systems are not truly secure just because the model is closed-source or hosted by a cloud provider.","low_signal_or_general","r/MachineLearning - SafeRAG benchmark","https://www.reddit.com/r/MachineLearning/comments/1ii6k5c/r_saferag_a_security_evaluation_benchmark_for/","Broad warning with limited specific control detail."
"Dynamic fine-grained authorization checks each action an AI agent attempts instead of trusting the model's reasoning alone.","tool_or_control","r/cybersecurity - Prompt injection is becoming a major security threat","https://www.reddit.com/r/cybersecurity/comments/1nhijzp/prompt_injection_is_becoming_a_major_security/","Describes runtime authorization as a control."
"Permission controls can prevent an AI agent from sending arbitrary emails even if the prompt tries to convince it to do so.","tool_or_control","r/cybersecurity - Prompt injection is becoming a major security threat","https://www.reddit.com/r/cybersecurity/comments/1nhijzp/prompt_injection_is_becoming_a_major_security/","Explains action-level authorization as a mitigation."
"Checking permissions at runtime for every agent action reduces the damage of prompt injection because the model cannot authorize itself.","tool_or_control","r/cybersecurity - Prompt injection is becoming a major security threat","https://www.reddit.com/r/cybersecurity/comments/1nhijzp/prompt_injection_is_becoming_a_major_security/","Describes policy enforcement at runtime."
"Prompt injection scanners that use another LLM to judge intent create a second model layer that also needs to be secured.","tool_or_control","r/cybersecurity - Prompt injection is becoming a major security threat","https://www.reddit.com/r/cybersecurity/comments/1nhijzp/prompt_injection_is_becoming_a_major_security/","Explains an LLM-based detection control and its limitation."
"Saying prompt injection is impossible to detect is too broad; practical systems can still monitor intent, tool calls, outputs, and permissions.","low_signal_or_general","r/cybersecurity - Prompt injection is becoming a major security threat","https://www.reddit.com/r/cybersecurity/comments/1nhijzp/prompt_injection_is_becoming_a_major_security/","Responds to broad pessimism without giving a single concrete implementation."
"Credential brokering gives an AI agent the result of an authenticated API call without giving the agent the credential itself.","tool_or_control","r/netsec - Credential brokering prevents AI agents from leaking tokens","https://www.reddit.com/r/netsec/comments/1tnbz96/how_credential_brokering_prevents_ai_agents_from/","Describes credential brokering as a secret-handling control."
"If an agent falls for prompt injection, credential brokering can still limit the exposed secret because the model never directly receives the token.","tool_or_control","r/netsec - Credential brokering prevents AI agents from leaking tokens","https://www.reddit.com/r/netsec/comments/1tnbz96/how_credential_brokering_prevents_ai_agents_from/","Explains blast-radius reduction for agent credentials."
"Credential brokering does not solve prompt injection itself; it reduces what the injected agent can steal or misuse.","concept_definition","r/netsec - Credential brokering prevents AI agents from leaking tokens","https://www.reddit.com/r/netsec/comments/1tnbz96/how_credential_brokering_prevents_ai_agents_from/","Clarifies mitigation scope versus root-cause prevention."
"An AI agent should receive scoped outcomes from tools rather than raw credentials that can be leaked through the conversation.","tool_or_control","r/netsec - Credential brokering prevents AI agents from leaking tokens","https://www.reddit.com/r/netsec/comments/1tnbz96/how_credential_brokering_prevents_ai_agents_from/","Describes scoped tool outputs as a control."
"Intent-Based Access Control derives permissions from the user's explicit intent and enforces them at every tool invocation.","tool_or_control","r/netsec - Intent-Based Access Control for AI agents","https://www.reddit.com/r/netsec/comments/1rkc7kz/intentbased_access_control_ibac_fga_for_ai_agent/","Defines IBAC as an AI-agent permission control."
"Input filters, LLM-as-a-judge systems, and output classifiers all try to detect attacks, but deterministic authorization can block unauthorized actions regardless of model reasoning.","tool_or_control","r/netsec - Intent-Based Access Control for AI agents","https://www.reddit.com/r/netsec/comments/1rkc7kz/intentbased_access_control_ibac_fga_for_ai_agent/","Compares detection controls with authorization enforcement."
"Prompt injection is less damaging when unauthorized tool calls are blocked even after the model's reasoning has been compromised.","tool_or_control","r/netsec - Intent-Based Access Control for AI agents","https://www.reddit.com/r/netsec/comments/1rkc7kz/intentbased_access_control_ibac_fga_for_ai_agent/","Describes authorization as a downstream safety control."
"Fine-grained agent permissions are important because a broad tool token can turn a harmless-looking prompt into a system-level action.","concept_definition","r/netsec - Intent-Based Access Control for AI agents","https://www.reddit.com/r/netsec/comments/1rkc7kz/intentbased_access_control_ibac_fga_for_ai_agent/","Explains the risk of overbroad tool authority."
"AI assistants can generate code with OWASP Top 10 vulnerabilities if generated code is trusted without review or scanning.","concept_definition","r/netsec - AST-based security scanner for AI-generated code","https://www.reddit.com/r/netsec/comments/1qxm75b/tool_astbased_security_scanner_for_aigenerated/","Explains risk from AI-generated code."
"An AST-based scanner can detect vulnerabilities in AI-generated code more accurately than simple regex checks.","tool_or_control","r/netsec - AST-based security scanner for AI-generated code","https://www.reddit.com/r/netsec/comments/1qxm75b/tool_astbased_security_scanner_for_aigenerated/","Describes AST parsing as a security scanning control."
"Taint analysis tracks user input to dangerous sinks, which helps identify command injection, SQL injection, and other generated-code risks.","tool_or_control","r/netsec - AST-based security scanner for AI-generated code","https://www.reddit.com/r/netsec/comments/1qxm75b/tool_astbased_security_scanner_for_aigenerated/","Explains taint analysis as a static-analysis control."
"AI coding agents can hallucinate package names that attackers may later register for dependency confusion or package-squatting attacks.","attack_or_testing_tactic","r/netsec - AST-based security scanner for AI-generated code","https://www.reddit.com/r/netsec/comments/1qxm75b/tool_astbased_security_scanner_for_aigenerated/","Describes hallucinated package names as a software supply-chain attack path."
"Package verification through bloom filters can help detect whether AI-generated dependency names correspond to real packages.","tool_or_control","r/netsec - AST-based security scanner for AI-generated code","https://www.reddit.com/r/netsec/comments/1qxm75b/tool_astbased_security_scanner_for_aigenerated/","Describes package verification as a control."
"Prompt injection detection for AI coding agents matters because an agent may combine code generation with filesystem, shell, and dependency actions.","tool_or_control","r/netsec - AST-based security scanner for AI-generated code","https://www.reddit.com/r/netsec/comments/1qxm75b/tool_astbased_security_scanner_for_aigenerated/","Connects prompt-injection detection to coding-agent workflows."
"Real-world prompt injection is not only asking the model to reveal prompts; it also includes tool-calling and MCP injection paths.","attack_or_testing_tactic","r/LocalLLaMA - PromptForest detector discussion","https://www.reddit.com/r/LocalLLaMA/comments/1r0wlwv/project_promptforest_designing_prompt_injection/","Distinguishes practical tool-calling injection from simple prompt leaks."
"Classical prompt-injection detection may transfer to tool-calling and MCP, but those cases need their own benchmarks.","tool_or_control","r/LocalLLaMA - PromptForest detector discussion","https://www.reddit.com/r/LocalLLaMA/comments/1r0wlwv/project_promptforest_designing_prompt_injection/","Describes detection benchmarking for MCP and tool-calling."
"MCP injection detection should be evaluated separately because a successful attack may trigger external actions rather than only change text output.","tool_or_control","r/LocalLLaMA - PromptForest detector discussion","https://www.reddit.com/r/LocalLLaMA/comments/1r0wlwv/project_promptforest_designing_prompt_injection/","Explains why MCP-specific detection matters."
"Prompt-injection detectors should sometimes be uncertain because overconfident binary labels can hide ambiguous or context-dependent attacks.","concept_definition","r/LocalLLaMA - PromptForest detector discussion","https://www.reddit.com/r/LocalLLaMA/comments/1r0wlwv/project_promptforest_designing_prompt_injection/","Explains uncertainty as a detection design concept."
"Giving an AI agent full system access to files and memory creates a different risk profile than using a model only for chat.","concept_definition","r/LocalLLaMA - AI agents that need system access","https://www.reddit.com/r/LocalLLaMA/comments/1scp2a1/am_i_missing_something_with_ai_agents_that_need/","Explains increased risk from system-level agent access."
"An agent that can read local context across sessions may be useful, but it also creates privacy and persistence risks.","concept_definition","r/LocalLLaMA - AI agents that need system access","https://www.reddit.com/r/LocalLLaMA/comments/1scp2a1/am_i_missing_something_with_ai_agents_that_need/","Explains privacy risk from long-term local context access."
"I understand why agent tools need local access, but I still would not give a random script that much power.","low_signal_or_general","r/LocalLLaMA - AI agents that need system access","https://www.reddit.com/r/LocalLLaMA/comments/1scp2a1/am_i_missing_something_with_ai_agents_that_need/","Opinion-based concern about agent permissions."
"Full system access for AI agents sounds useful until a prompt injection turns that access into a liability.","low_signal_or_general","r/LocalLLaMA - AI agents that need system access","https://www.reddit.com/r/LocalLLaMA/comments/1scp2a1/am_i_missing_something_with_ai_agents_that_need/","Broad warning rather than a specific control."
"Hidden HTML instructions can create indirect prompt injection when an AI agent reads a webpage or document as input.","attack_or_testing_tactic","r/cybersecurity - Indirect prompt injection is jokingly trivial","https://www.reddit.com/r/cybersecurity/comments/1tl5uk8/indirect_prompt_injection_is_jokingly_trivial_ai/","Describes hidden HTML as an indirect prompt-injection tactic."
"Putting attacker instructions inside a hidden div can target AI agents while remaining invisible to ordinary human readers.","attack_or_testing_tactic","r/cybersecurity - Indirect prompt injection is jokingly trivial","https://www.reddit.com/r/cybersecurity/comments/1tl5uk8/indirect_prompt_injection_is_jokingly_trivial_ai/","Describes hidden webpage content as an injection vector."
"Indirect prompt injection is a blind spot because the user may never see the malicious instruction that the model reads.","concept_definition","r/cybersecurity - Indirect prompt injection is jokingly trivial","https://www.reddit.com/r/cybersecurity/comments/1tl5uk8/indirect_prompt_injection_is_jokingly_trivial_ai/","Explains why invisible external content changes the threat model."
"Indirect prompt injection is becoming a real security blind spot for AI systems.","low_signal_or_general","r/cybersecurity - Indirect prompt injection is jokingly trivial","https://www.reddit.com/r/cybersecurity/comments/1tl5uk8/indirect_prompt_injection_is_jokingly_trivial_ai/","High-level warning with limited implementation detail."
"An AI agent accessing customer resources should create a new context for the user request and use the user's session information for access decisions.","tool_or_control","r/netsec - Shadow AI agents and financial data extraction","https://www.reddit.com/r/netsec/comments/1ix3p40/exposing_shadow_ai_agents_how_we_extracted/","Describes user-scoped context and session-based access control."
"The user's auth token becoming the model's auth token means tool calls should perform the same account authentication as the user.","tool_or_control","r/netsec - Shadow AI agents and financial data extraction","https://www.reddit.com/r/netsec/comments/1ix3p40/exposing_shadow_ai_agents_how_we_extracted/","Explains user-scoped authentication for agent tool calls."
"Internal tool calls from an AI agent should not bypass the access rules that would apply to the human user.","tool_or_control","r/netsec - Shadow AI agents and financial data extraction","https://www.reddit.com/r/netsec/comments/1ix3p40/exposing_shadow_ai_agents_how_we_extracted/","Describes enforcing user-equivalent authorization."
"Shadow AI agents are risky because users may not realize an internal agent can access sensitive customer or financial resources.","concept_definition","r/netsec - Shadow AI agents and financial data extraction","https://www.reddit.com/r/netsec/comments/1ix3p40/exposing_shadow_ai_agents_how_we_extracted/","Explains hidden agent access risk."
"A local model is just math by itself, but the application wrapping it may log data, call tools, or expose private context.","concept_definition","r/LocalLLaMA - Local LLM privacy and security","https://www.reddit.com/r/LocalLLaMA/comments/1s5vywn/how_do_we_know_that_local_llms_guarantee_privacy/","Explains model-versus-wrapper privacy risk."
"If a local model receives tool calls or MCP access, privacy risk returns because prompt injection can trigger actions outside the model.","attack_or_testing_tactic","r/LocalLLaMA - Local LLM privacy and security","https://www.reddit.com/r/LocalLLaMA/comments/1s5vywn/how_do_we_know_that_local_llms_guarantee_privacy/","Describes prompt injection risk through local tool access."
"Local deployment removes a cloud server from the path, but it does not automatically solve logging, tool access, or prompt-injection risks.","concept_definition","r/LocalLLaMA - Local LLM privacy and security","https://www.reddit.com/r/LocalLLaMA/comments/1s5vywn/how_do_we_know_that_local_llms_guarantee_privacy/","Explains limits of local-model privacy."
"Local LLM privacy claims are incomplete if the surrounding app still stores prompts, uses plugins, or connects to external services.","low_signal_or_general","r/LocalLLaMA - Local LLM privacy and security","https://www.reddit.com/r/LocalLLaMA/comments/1s5vywn/how_do_we_know_that_local_llms_guarantee_privacy/","Broad caution about privacy claims."
"McpVanguard is described as a real-time AI security proxy for MCP agents.","tool_or_control","r/LocalLLaMA - McpVanguard security proxy","https://www.reddit.com/r/LocalLLaMA/comments/1ru0hpo/we_just_opensourced_mcpvanguard_a_3layer_security/","Names an MCP security proxy control."
"A layered security proxy for MCP agents can inspect requests before the agent reaches filesystem, database, or API resources.","tool_or_control","r/LocalLLaMA - McpVanguard security proxy","https://www.reddit.com/r/LocalLLaMA/comments/1ru0hpo/we_just_opensourced_mcpvanguard_a_3layer_security/","Describes proxy-based enforcement for MCP agents."
"Static rules can block known dangerous MCP actions before the model's request is allowed to execute.","tool_or_control","r/LocalLLaMA - McpVanguard security proxy","https://www.reddit.com/r/LocalLLaMA/comments/1ru0hpo/we_just_opensourced_mcpvanguard_a_3layer_security/","Explains static rule enforcement as a control."
"Path traversal through an AI agent is dangerous because the model may request file paths outside the intended working directory.","attack_or_testing_tactic","r/LocalLLaMA - McpVanguard security proxy","https://www.reddit.com/r/LocalLLaMA/comments/1ru0hpo/we_just_opensourced_mcpvanguard_a_3layer_security/","Describes path traversal as an MCP/agent attack tactic."
"Prompt injection, path traversal, and unauthorized tool use are connected risks when an LLM is wired into MCP servers.","concept_definition","r/LocalLLaMA - McpVanguard security proxy","https://www.reddit.com/r/LocalLLaMA/comments/1ru0hpo/we_just_opensourced_mcpvanguard_a_3layer_security/","Explains combined MCP/LLM security risk."
"Context engineering for multi-agent systems should include safeguards against prompt injection and data poisoning.","tool_or_control","r/MachineLearning - Context engineering for multi-agent systems","https://www.reddit.com/r/MachineLearning/comments/1skf122/hands_on_workshop_context_engineering_for_multi/","Describes safeguards as part of multi-agent context engineering."
"High-fidelity RAG pipelines with verifiable citations can reduce some reliability problems but still need security testing.","tool_or_control","r/MachineLearning - Context engineering for multi-agent systems","https://www.reddit.com/r/MachineLearning/comments/1skf122/hands_on_workshop_context_engineering_for_multi/","Connects citation-grounded RAG with security controls."
"Production-ready context engines need deployment safeguards because context can carry both useful evidence and adversarial instructions.","concept_definition","r/MachineLearning - Context engineering for multi-agent systems","https://www.reddit.com/r/MachineLearning/comments/1skf122/hands_on_workshop_context_engineering_for_multi/","Explains context as both data and attack surface."
"Prompt injection through roleplay can shift the model into a fake authority frame that competes with the intended instruction hierarchy.","attack_or_testing_tactic","r/MachineLearning - Self-promotion thread","https://www.reddit.com/r/MachineLearning/comments/1t1d2m0/d_selfpromotion_thread/","Describes roleplay as an instruction-hierarchy attack vector."
"Translation can be used as a jailbreak vector when safety or instruction checks are weaker across languages.","attack_or_testing_tactic","r/MachineLearning - Self-promotion thread","https://www.reddit.com/r/MachineLearning/comments/1t1d2m0/d_selfpromotion_thread/","Describes translation-based jailbreak testing."
"Multi-turn context injection uses earlier conversation turns to set up an unsafe outcome later in the exchange.","attack_or_testing_tactic","r/MachineLearning - Self-promotion thread","https://www.reddit.com/r/MachineLearning/comments/1t1d2m0/d_selfpromotion_thread/","Describes multi-turn prompt-injection setup."
"Instruction hierarchy attacks try to make lower-priority user or external content override higher-priority system guidance.","attack_or_testing_tactic","r/MachineLearning - Self-promotion thread","https://www.reddit.com/r/MachineLearning/comments/1t1d2m0/d_selfpromotion_thread/","Defines instruction hierarchy exploitation as an attack tactic."
"Agentic LLM systems need security testing because the model may combine reasoning, retrieval, memory, and tool use in one workflow.","concept_definition","r/netsec - AI agent security discussions","https://www.reddit.com/r/netsec/comments/1qb3w0l/a_common_denominator_in_ai_agent_framework_cves/","Explains why agent frameworks require specific security testing."
"AI agent framework CVEs often involve the gap between model output and privileged execution.","concept_definition","r/netsec - AI agent framework CVEs","https://www.reddit.com/r/netsec/comments/1qb3w0l/a_common_denominator_in_ai_agent_framework_cves/","Describes a common agent-framework risk pattern."
"Prompt injection becomes more dangerous when model output is automatically trusted by code that has file, network, or credential access.","concept_definition","r/netsec - AI agent framework CVEs","https://www.reddit.com/r/netsec/comments/1qb3w0l/a_common_denominator_in_ai_agent_framework_cves/","Explains the trusted-output-to-execution risk."
"Testing AI agents should include attempts to hijack workflows, bypass guardrails, and force unauthorized tool use.","attack_or_testing_tactic","r/netsec - AI agent framework CVEs","https://www.reddit.com/r/netsec/comments/1qb3w0l/a_common_denominator_in_ai_agent_framework_cves/","Lists concrete AI-agent red-team tactics."